{"metadata":{"asset_id":"7e5d3827-c962-493d-91be-bcef6fb39f39","asset_attributes":["data_asset"],"name":"dataset-tortuga-desafio-2.csv","asset_type":"data_asset","created_at":"2020-08-13T00:21:57Z","description":"","origin_country":"us","owner_id":"IBMid-550005J8BR","project_id":"8400c475-b0a4-4d2b-be59-49deee9b9ea9","size":2031803,"tags":[],"usage":{"last_update_time":1597278118225,"last_updated_at":"2020-08-13T00:21:58Z"}},"entity":{"data_asset":{"mime_type":"text/csv","dataset":false}},"attachments":[{"id":"ea3c2db4-d324-4c40-ad09-07f81dff8cdd","version":2,"asset_type":"data_asset","name":"dataset-tortuga-desafio-2.csv","mime":"text/csv","datasource_type":"193a97c1-4475-4a19-b90c-295c4fdc6517","object_key":"dataset-tortuga-desafio-2.csv","creator_id":"IBMid-550005J8BR","create_time":1597278118225,"size":2031803,"is_remote":false,"is_managed":false,"is_referenced":true,"is_object_key_read_only":true,"is_user_provided_path_key":true,"transfer_complete":true,"is_partitioned":false,"complete_time_ticks":1597278118225,"user_data":{},"test_doc":0,"handle":{"bucket":"tortugachallengedevelopment-donotdelete-pr-lzxnii308ymfoj","location":"us-geo","key":"dataset-tortuga-desafio-2.csv","upload_id":"done","max_part_num":1},"usage":{"access_count":0,"last_accessor_id":"IBMid-550005J8BR","last_access_time":1597278118225}}]}
