{"metadata":{"asset_id":"b61d2ac0-254e-46b7-9486-b562b1ed24da","asset_attributes":["data_asset"],"name":"dataset-tortuga-desafio-2.csv","asset_type":"data_asset","created_at":"2020-08-24T20:44:36Z","description":"","origin_country":"us","owner_id":"IBMid-310002F2BU","project_id":"cd917513-662e-44d1-b727-75bf67674611","size":2031803,"tags":[],"usage":{"last_update_time":1598301877810,"last_updated_at":"2020-08-24T20:44:37Z"}},"entity":{"data_asset":{"mime_type":"text/csv","dataset":false}},"attachments":[{"id":"c630c85f-8e32-4e14-9db5-053051ade36b","version":2,"asset_type":"data_asset","name":"dataset-tortuga-desafio-2.csv","mime":"text/csv","datasource_type":"193a97c1-4475-4a19-b90c-295c4fdc6517","object_key":"dataset-tortuga-desafio-2.csv","creator_id":"iam-ServiceId-f49c5558-c247-4983-a04f-7d3c7a3d55da","create_time":1598301877662,"size":2031803,"is_remote":false,"is_managed":false,"is_referenced":true,"is_object_key_read_only":false,"is_user_provided_path_key":true,"transfer_complete":true,"is_partitioned":false,"complete_time_ticks":1598301877662,"user_data":{},"test_doc":0,"handle":{"bucket":"cloudpakprojectes2-donotdelete-pr-ke8k72oc1mvgr2","location":"us-geo","key":"dataset-tortuga-desafio-2.csv","upload_id":"done","max_part_num":1},"usage":{"access_count":0,"last_accessor_id":"iam-ServiceId-f49c5558-c247-4983-a04f-7d3c7a3d55da","last_access_time":1598301877662}}]}
