{"metadata":{"asset_id":"a3933a30-fde0-4e2d-bdcf-5c8a507da25d","asset_attributes":["notebook"],"name":"parte-1","asset_type":"notebook","created_at":"2020-08-12T23:21:33Z","description":"","origin_country":"us","owner_id":"IBMid-550005J8BR","project_id":"8400c475-b0a4-4d2b-be59-49deee9b9ea9","size":124298,"tags":["notebook"],"usage":{"last_update_time":1597343983485,"last_updated_at":"2020-08-13T18:39:43Z"}},"entity":{"notebook":{"kernel":{"name":"python3","display_name":"Python 3.6","language":"python"},"originates_from":{"type":"notebook","guid":"c253deef-6277-49e6-9468-69952c8d8d8c"},"runtime":{"environment":"conda2py36-8400c475-b0a4-4d2b-be59-49deee9b9ea9"}}},"attachments":[{"id":"3aca40b6-6aa6-42fa-ba69-9ea98b871bfb","version":2,"asset_type":"notebook","name":"attachment for notebook a3933a30-fde0-4e2d-bdcf-5c8a507da25d","description":"attachment for notebook a3933a30-fde0-4e2d-bdcf-5c8a507da25d","mime":"application/json","datasource_type":"193a97c1-4475-4a19-b90c-295c4fdc6517","object_key":"notebook/parte-1_copy_1_aNZvPIe7G.ipynb","creator_id":"IBMid-550005J8BR","create_time":1597274495359,"size":124298,"is_remote":false,"is_managed":false,"is_referenced":true,"is_object_key_read_only":false,"is_user_provided_path_key":true,"transfer_complete":true,"is_partitioned":false,"complete_time_ticks":1597274495359,"user_data":{},"test_doc":0,"handle":{"bucket":"tortugachallengedevelopment-donotdelete-pr-lzxnii308ymfoj","location":"us-geo","key":"notebook/parte-1_copy_1_aNZvPIe7G.ipynb","upload_id":"done","max_part_num":1},"usage":{"access_count":0,"last_accessor_id":"IBMid-550005J8BR","last_access_time":1597274495359}}]}
