{"metadata":{"asset_id":"1cb23875-ef48-454f-b32b-a719174c4a82","asset_attributes":["notebook"],"name":"parte-2","asset_type":"notebook","created_at":"2020-08-24T20:44:38Z","description":"","origin_country":"us","owner_id":"IBMid-310002F2BU","project_id":"cd917513-662e-44d1-b727-75bf67674611","size":24628,"tags":["notebook"],"usage":{"last_update_time":1598302324660,"last_updated_at":"2020-08-24T20:52:04Z"}},"entity":{"notebook":{"kernel":{"name":"python3","display_name":"Python 3.6","language":"python"},"originates_from":{"type":"file"},"runtime":{"environment":"conda2py36-cd917513-662e-44d1-b727-75bf67674611"}}},"attachments":[{"id":"d4d98b9b-ceb7-4083-9c50-9e050b6b0270","version":2,"asset_type":"notebook","name":"attachment for notebook 1cb23875-ef48-454f-b32b-a719174c4a82","description":"attachment for notebook 1cb23875-ef48-454f-b32b-a719174c4a82","mime":"application/json","datasource_type":"193a97c1-4475-4a19-b90c-295c4fdc6517","object_key":"notebook/parte-2_7clKe3DTD.ipynb","creator_id":"iam-ServiceId-9e68bc5f-c5f6-4f6f-8bcf-e57f47b9d1b1","create_time":1598301878908,"size":24628,"is_remote":false,"is_managed":false,"is_referenced":true,"is_object_key_read_only":false,"is_user_provided_path_key":true,"transfer_complete":true,"is_partitioned":false,"complete_time_ticks":1598301878908,"user_data":{},"test_doc":0,"handle":{"bucket":"cloudpakprojectes2-donotdelete-pr-ke8k72oc1mvgr2","location":"us-geo","key":"notebook/parte-2_7clKe3DTD.ipynb","upload_id":"done","max_part_num":1},"usage":{"access_count":0,"last_accessor_id":"iam-ServiceId-9e68bc5f-c5f6-4f6f-8bcf-e57f47b9d1b1","last_access_time":1598301878908}}]}
