{"metadata":{"asset_id":"5e7c751a-ee4d-4a76-b218-4360e58526cb","asset_attributes":["notebook"],"name":"parte-2","asset_type":"notebook","created_at":"2020-08-12T17:50:47Z","description":"","origin_country":"us","owner_id":"IBMid-550005J8BR","project_id":"8400c475-b0a4-4d2b-be59-49deee9b9ea9","size":23928,"tags":["notebook"],"usage":{"last_update_time":1597417804506,"last_updated_at":"2020-08-14T15:10:04Z"}},"entity":{"notebook":{"kernel":{"name":"python3","display_name":"Python 3.6","language":"python"},"originates_from":{"type":"file"},"runtime":{"environment":"conda2py36-8400c475-b0a4-4d2b-be59-49deee9b9ea9"}}},"attachments":[{"id":"f73da8ab-39a3-4a9d-b276-b7e662f635ef","version":2,"asset_type":"notebook","name":"attachment for notebook 5e7c751a-ee4d-4a76-b218-4360e58526cb","description":"attachment for notebook 5e7c751a-ee4d-4a76-b218-4360e58526cb","mime":"application/json","datasource_type":"193a97c1-4475-4a19-b90c-295c4fdc6517","object_key":"notebook/parte-2_7clKe3DTD.ipynb","creator_id":"IBMid-550005J8BR","create_time":1597254647841,"size":23928,"is_remote":false,"is_managed":false,"is_referenced":true,"is_object_key_read_only":false,"is_user_provided_path_key":true,"transfer_complete":true,"is_partitioned":false,"complete_time_ticks":1597254647841,"user_data":{},"test_doc":0,"handle":{"bucket":"tortugachallengedevelopment-donotdelete-pr-lzxnii308ymfoj","location":"us-geo","key":"notebook/parte-2_7clKe3DTD.ipynb","upload_id":"done","max_part_num":1},"usage":{"access_count":0,"last_accessor_id":"IBMid-550005J8BR","last_access_time":1597254647841}}]}
